Id,Prediction
0,[0.99999387]
1,[0.99999968]
2,[0.99999772]
3,[2.87803229e-11]
4,[0.15206237]
5,[1.]
6,[1.2979971e-10]
7,[1.36306093e-07]
8,[0.99995305]
9,[0.99997518]
10,[0.99995209]
11,[0.80458947]
12,[1.88772003e-07]
13,[6.73244327e-07]
14,[0.00071448]
15,[0.99072467]
16,[0.99722686]
17,[0.00018374]
18,[4.06566108e-10]
19,[0.75038188]
20,[2.95345119e-09]
21,[4.90986581e-05]
22,[0.00327971]
23,[1.]
24,[6.98801582e-12]
25,[0.00032327]
26,[0.99969614]
27,[0.26497214]
28,[0.98764832]
29,[0.99999999]
30,[0.998919]
31,[1.]
32,[2.8941775e-10]
33,[0.94359725]
34,[0.99999999]
35,[9.99162822e-08]
36,[1.]
37,[0.99999998]
38,[0.99990697]
39,[0.09404031]
40,[0.99999969]
41,[0.00708735]
42,[9.98295252e-08]
43,[2.5669998e-10]
44,[1.90264677e-05]
45,[2.56079224e-06]
46,[0.29914716]
47,[0.81039291]
48,[0.99999894]
49,[1.]
50,[0.99994827]
51,[1.]
52,[0.99953059]
53,[6.04584599e-13]
54,[1.]
55,[0.00015285]
56,[0.99999895]
57,[0.99714297]
58,[0.98293776]
59,[0.99999912]
60,[2.20444703e-15]
61,[6.44864273e-07]
62,[0.99696746]
63,[4.03972564e-13]
64,[0.99997157]
65,[0.99999921]
66,[0.00021562]
67,[0.17387546]
68,[0.99997483]
69,[2.35888267e-15]
70,[3.90318789e-10]
71,[1.]
72,[0.99999993]
73,[1.]
74,[0.99992991]
75,[0.99999988]
76,[7.9595996e-07]
77,[2.58007676e-12]
78,[1.]
79,[0.99989521]
80,[0.99999993]
81,[1.69643017e-08]
82,[0.00031054]
83,[0.98853447]
84,[0.99996175]
85,[0.00010305]
86,[0.99999949]
87,[5.8331946e-10]
88,[1.]
89,[0.99999999]
90,[0.99995838]
91,[1.3662088e-07]
92,[6.74629639e-09]
93,[1.]
94,[0.99999956]
95,[0.30987506]
96,[9.02537583e-14]
97,[0.99999881]
98,[2.10039165e-09]
99,[1.]
100,[0.0009204]
101,[0.999996]
102,[0.99426615]
103,[8.07136448e-05]
104,[0.99993783]
105,[1.04406894e-06]
106,[0.00010783]
107,[1.]
108,[3.01532273e-08]
109,[1.]
110,[0.99999971]
111,[1.19625587e-06]
112,[0.99999995]
113,[0.00668698]
114,[0.35235031]
115,[5.46994962e-11]
116,[0.00018215]
117,[0.99866033]
118,[0.82081045]
119,[0.99997376]
120,[0.00563172]
121,[1.]
122,[1.12722165e-11]
123,[0.99965519]
124,[1.]
125,[0.99305552]
126,[6.500644e-06]
127,[7.40139446e-09]
128,[0.99999996]
129,[1.]
130,[1.]
131,[4.92126849e-08]
132,[0.00015674]
133,[0.99981022]
134,[8.51570834e-08]
135,[4.81447576e-07]
136,[0.97809781]
137,[3.70624077e-06]
138,[0.99999804]
139,[0.99996681]
140,[0.98675983]
141,[0.99999977]
142,[0.9999998]
143,[3.02223746e-05]
144,[0.89304313]
145,[1.00169188e-10]
146,[0.99999982]
147,[0.99588909]
148,[0.00877442]
149,[4.02072966e-06]
150,[1.]
151,[2.13442939e-05]
152,[0.99993638]
153,[0.99999542]
154,[0.99998756]
155,[4.86188601e-08]
156,[1.12196132e-09]
157,[0.99999929]
158,[0.99984821]
159,[6.7573485e-05]
160,[2.05268156e-06]
161,[1.]
162,[1.]
163,[0.8616098]
164,[0.99627951]
165,[0.99989439]
166,[0.00022646]
167,[1.]
168,[0.00031202]
169,[0.99999992]
170,[0.99931187]
171,[4.48459904e-10]
172,[8.88494789e-06]
173,[0.99981566]
174,[0.99496332]
175,[0.99999998]
176,[0.99958544]
177,[0.99999715]
178,[0.00050399]
179,[4.92330851e-15]
180,[1.]
181,[0.99999981]
182,[0.00523359]
183,[5.59932345e-06]
184,[2.94007221e-06]
185,[0.99999975]
186,[0.00176671]
187,[0.99999999]
188,[4.26682894e-12]
189,[1.]
190,[0.98849499]
191,[0.40841789]
192,[0.99646634]
193,[0.99996694]
194,[1.43875573e-07]
195,[6.41264996e-07]
196,[4.94723891e-06]
197,[0.9999907]
198,[1.]
199,[8.56300955e-05]
200,[1.3337728e-07]
201,[0.0004686]
202,[0.99999965]
203,[0.00010094]
204,[0.99965233]
205,[0.01639469]
206,[0.0003938]
207,[0.99995279]
208,[1.58343156e-09]
209,[0.99999979]
210,[6.10620232e-08]
211,[5.38699733e-11]
212,[0.99999992]
213,[0.99999993]
214,[0.00319708]
215,[0.99556341]
216,[0.99999947]
217,[0.84087984]
218,[0.99999487]
219,[0.99673703]
220,[0.59156507]
221,[1.06623025e-06]
222,[1.85866594e-14]
223,[0.99999275]
224,[0.00010104]
225,[0.99999809]
226,[0.99985012]
227,[9.31984941e-10]
228,[0.97910708]
229,[8.37934256e-09]
230,[0.14905906]
231,[0.99946915]
232,[3.46268197e-05]
233,[0.99997195]
234,[2.25191757e-14]
235,[2.07475923e-07]
236,[1.4952817e-15]
237,[5.64357255e-11]
238,[2.40322187e-06]
239,[1.3711795e-07]
240,[1.]
241,[0.98182114]
242,[1.51462532e-11]
243,[0.99999999]
244,[0.99999983]
245,[0.99687842]
246,[0.85279107]
247,[8.01696992e-09]
248,[0.9999295]
249,[0.99999922]
250,[4.01670097e-13]
251,[0.02855614]
252,[0.99999919]
253,[0.99837544]
254,[3.8341114e-05]
255,[2.44474284e-05]
256,[0.00029601]
257,[1.66651064e-09]
258,[0.99999998]
259,[0.99999776]
260,[0.99999928]
261,[4.60275451e-12]
262,[0.99999992]
263,[0.99999895]
264,[6.85935013e-16]
265,[1.44577549e-11]
266,[4.08490773e-06]
267,[1.]
268,[2.72808003e-06]
269,[1.55110397e-08]
270,[3.57706931e-12]
271,[0.00018421]
272,[0.99999999]
273,[0.99978188]
274,[0.99999994]
275,[1.]
276,[0.01166274]
277,[3.71468788e-10]
278,[0.99999998]
279,[0.99995388]
280,[0.01890703]
281,[0.99999323]
282,[0.99412607]
283,[0.99999806]
284,[0.99999987]
285,[0.99999973]
286,[0.99994195]
287,[0.9996592]
288,[0.99999989]
289,[1.85661577e-05]
290,[0.99984656]
291,[9.8494288e-08]
292,[4.2107583e-07]
293,[5.60610107e-11]
294,[0.99999918]
295,[3.43456596e-12]
296,[0.99999864]
297,[0.00535915]
298,[0.99997263]
299,[5.11830344e-10]
300,[2.69155259e-15]
301,[0.99999899]
302,[1.38849417e-09]
303,[0.99999914]
304,[0.99999997]
305,[0.000638]
306,[0.99999999]
307,[2.75659744e-06]
308,[2.92476791e-12]
309,[0.97926304]
310,[0.99999975]
311,[1.]
312,[0.75876383]
313,[9.93069428e-06]
314,[2.99435613e-09]
315,[0.99999996]
316,[1.]
317,[1.23517734e-22]
318,[0.9942726]
319,[0.9999999]
320,[0.99999978]
321,[0.99999996]
322,[2.69896488e-11]
323,[7.51838205e-05]
324,[0.99998808]
325,[0.99980209]
326,[0.00056797]
327,[0.99999999]
328,[2.69619368e-05]
329,[1.]
330,[0.99985811]
331,[0.76705702]
332,[1.]
333,[0.98552485]
334,[1.38078352e-05]
335,[3.57168469e-07]
336,[9.14959519e-06]
337,[1.]
338,[0.00139569]
339,[2.56984052e-07]
340,[8.69835053e-08]
341,[2.19391067e-08]
342,[0.99996538]
343,[0.99526418]
344,[0.00010814]
345,[0.99999785]
346,[1.959757e-08]
347,[0.99999999]
348,[0.98485161]
349,[1.]
350,[0.9999992]
351,[0.99951791]
352,[0.00014624]
353,[1.]
354,[0.99996173]
355,[2.53097217e-08]
356,[1.]
357,[5.86247639e-09]
358,[1.08056679e-08]
359,[1.10136194e-12]
360,[0.0024319]
361,[3.96659363e-06]
362,[0.99999809]
363,[6.64752385e-08]
364,[0.99999973]
365,[0.99999474]
366,[0.99939551]
367,[0.97849775]
368,[0.9999915]
369,[1.40654953e-07]
370,[7.07537167e-05]
371,[1.33612582e-17]
372,[1.]
373,[9.5204433e-05]
374,[0.99994222]
375,[0.7535664]
376,[2.4852545e-08]
377,[0.99999877]
378,[2.38872128e-05]
379,[0.9999782]
380,[0.99998741]
381,[2.43493454e-07]
382,[0.00027144]
383,[0.976364]
384,[0.99989614]
385,[0.99951091]
386,[1.46669314e-10]
387,[6.71234938e-08]
388,[4.70259672e-15]
389,[0.41109171]
390,[0.9798274]
391,[0.99999871]
392,[0.00668059]
393,[0.00376454]
394,[0.00016988]
395,[0.99954011]
396,[1.15011435e-08]
397,[1.10153901e-11]
398,[0.99999459]
399,[2.98558393e-06]
400,[0.99999836]
401,[0.99999999]
402,[0.99996106]
403,[0.00176096]
404,[3.39721924e-05]
405,[4.67285366e-08]
406,[1.38929702e-12]
407,[0.00921604]
408,[1.92717971e-05]
409,[0.99999991]
410,[0.99999999]
411,[0.99982101]
412,[5.5042801e-08]
413,[0.99956617]
414,[5.11189837e-07]
415,[3.62210475e-09]
416,[6.99542638e-10]
417,[1.06983747e-08]
418,[2.9345368e-07]
419,[0.91964867]
420,[1.]
421,[6.57320158e-09]
422,[0.99912884]
423,[0.00755213]
424,[0.99999986]
425,[2.11488032e-14]
426,[0.99999315]
427,[5.26394248e-05]
428,[2.1422684e-09]
429,[0.27002933]
430,[0.99999278]
431,[4.77850783e-15]
432,[3.68099458e-08]
433,[0.99999167]
434,[2.64563903e-05]
435,[2.64505471e-13]
436,[0.99999897]
437,[1.]
438,[1.08427414e-15]
439,[0.99546853]
440,[0.99999997]
441,[0.99998839]
442,[5.98189729e-09]
443,[1.02587588e-06]
444,[0.99999995]
445,[4.90308902e-07]
446,[1.]
447,[1.]
448,[0.99999999]
449,[7.99305297e-09]
450,[0.00169981]
451,[0.99825995]
452,[6.44330909e-14]
453,[7.20764029e-08]
454,[9.32031499e-07]
455,[0.00890487]
456,[1.58639115e-07]
457,[9.2991182e-18]
458,[9.91574086e-11]
459,[2.74982909e-08]
460,[0.9999995]
461,[0.00455635]
462,[1.63741849e-06]
463,[0.99992652]
464,[0.99957532]
465,[1.03165485e-11]
466,[0.82539003]
467,[4.3447356e-20]
468,[0.99625948]
469,[1.90385134e-09]
470,[0.00032706]
471,[0.99998067]
472,[5.21547246e-08]
473,[7.99217384e-12]
474,[0.99878183]
475,[7.72591415e-09]
476,[1.21406053e-09]
477,[0.00148906]
478,[9.46066105e-05]
479,[1.35025416e-15]
480,[0.99999999]
481,[0.99994985]
482,[8.78230152e-06]
483,[0.99999999]
484,[0.99998233]
485,[2.66852467e-07]
486,[0.99987702]
487,[0.11092744]
488,[0.99999898]
489,[1.37418582e-07]
490,[2.16837209e-07]
491,[0.00089037]
492,[0.01089594]
493,[2.2141703e-05]
494,[1.]
495,[1.]
496,[0.99999965]
497,[9.23287645e-08]
498,[1.04344203e-06]
499,[0.05349976]
500,[4.17814818e-05]
501,[6.26465335e-05]
502,[0.99999885]
503,[0.00011321]
504,[0.9988543]
505,[1.]
506,[4.47552902e-05]
507,[9.5351324e-12]
508,[0.00696295]
509,[1.2108473e-07]
510,[0.98686098]
511,[0.99601505]
512,[1.40196302e-06]
513,[0.99998734]
514,[0.99999996]
515,[0.99999929]
516,[0.99341992]
517,[1.]
518,[1.]
519,[0.99994871]
520,[3.91272193e-07]
521,[0.99999043]
522,[0.0334104]
523,[9.53528906e-08]
524,[0.00044521]
525,[2.8996013e-14]
526,[0.97676663]
527,[1.25168088e-07]
528,[1.71449508e-20]
529,[1.56568418e-08]
530,[0.99999358]
531,[0.999936]
532,[1.]
533,[0.99939785]
534,[1.74144808e-07]
535,[2.09271034e-07]
536,[0.99998494]
537,[0.9999991]
538,[0.99994609]
539,[0.99979638]
540,[0.9999804]
541,[0.99942321]
542,[0.99999798]
543,[0.99958181]
544,[2.84102046e-06]
545,[1.86413348e-11]
546,[0.99651842]
547,[1.]
548,[0.98303497]
549,[1.06540679e-06]
550,[0.99999981]
551,[9.94673735e-08]
552,[0.99995931]
553,[0.99983583]
554,[0.97981218]
555,[1.]
556,[0.98423964]
557,[5.83506881e-05]
558,[0.99999821]
559,[0.1140842]
560,[1.]
561,[0.00016229]
562,[7.59000438e-10]
563,[0.99992828]
564,[0.99999405]
565,[0.99914545]
566,[7.96080235e-12]
567,[0.99988908]
568,[0.70768966]
569,[1.]
570,[1.03470252e-12]
571,[0.99999999]
572,[0.99999997]
573,[0.99999917]
574,[0.99813657]
575,[0.99947113]
576,[0.99953764]
577,[6.83384085e-09]
578,[0.99994434]
579,[0.99524735]
580,[2.65864922e-10]
581,[1.38083925e-05]
582,[0.9999864]
583,[0.99999999]
584,[1.]
585,[1.]
586,[6.95041557e-09]
587,[3.0457785e-08]
588,[0.99999947]
589,[5.15770229e-11]
590,[1.]
591,[0.99999896]
592,[0.49333988]
593,[0.99999998]
594,[7.05232097e-07]
595,[0.99990446]
596,[0.99907622]
597,[0.99994581]
598,[3.74982816e-06]
599,[2.95672742e-05]
600,[1.12164501e-05]
601,[6.99712098e-08]
602,[4.57128275e-05]
603,[0.99999996]
604,[0.9999977]
605,[0.99444883]
606,[1.06210908e-11]
607,[1.86170624e-11]
608,[1.51592772e-10]
609,[9.62137628e-12]
610,[6.93477554e-10]
611,[1.2693102e-14]
612,[1.27532411e-10]
613,[3.1757636e-08]
614,[1.80812413e-07]
615,[0.99999977]
616,[1.2726885e-06]
617,[1.66862973e-09]
618,[0.00083689]
619,[0.99999073]
620,[2.96181868e-08]
621,[0.66285066]
622,[0.00494634]
623,[8.27256248e-05]
624,[1.6196027e-06]
625,[0.99987297]
626,[0.99999998]
627,[1.]
628,[1.]
629,[0.00050987]
630,[0.99977994]
631,[0.00669118]
632,[0.99841331]
633,[0.98319661]
634,[0.00065553]
635,[0.99975447]
636,[0.99999918]
637,[0.99998483]
638,[0.99999966]
639,[1.11434408e-09]
640,[3.15074497e-12]
641,[0.99813098]
642,[0.99999999]
643,[0.99999998]
644,[0.00907486]
645,[0.99956585]
646,[1.20675762e-06]
647,[0.9999946]
648,[2.06687442e-09]
649,[0.99975554]
650,[1.57682329e-10]
651,[2.98829735e-11]
652,[0.99961542]
653,[0.99999201]
654,[7.36041091e-10]
655,[1.48082663e-07]
656,[3.2264127e-07]
657,[1.31830631e-13]
658,[0.99999961]
659,[0.99992606]
660,[0.99872238]
661,[4.30693658e-10]
662,[0.99999936]
663,[1.37635872e-05]
664,[0.00020447]
665,[0.99997754]
666,[0.00175998]
667,[1.13870123e-07]
668,[0.99998903]
669,[0.99995979]
670,[2.73171448e-07]
671,[2.34926727e-07]
672,[9.18407876e-10]
673,[0.99992863]
674,[3.90978903e-15]
675,[4.10086974e-15]
676,[0.99988276]
677,[4.65487839e-18]
678,[6.81266482e-15]
679,[0.00347751]
680,[0.94170383]
681,[0.9999948]
682,[8.18571108e-08]
683,[0.99999606]
684,[5.25567685e-11]
685,[0.99999996]
686,[0.99997563]
687,[0.99999348]
688,[0.99999997]
689,[1.44239764e-08]
690,[0.99999997]
691,[3.77157597e-05]
692,[0.99998299]
693,[0.00168643]
694,[2.23896668e-13]
695,[1.]
696,[0.99999179]
697,[7.62212174e-06]
698,[0.99999676]
699,[0.99995305]
700,[0.9999496]
701,[4.73513161e-05]
702,[3.55227512e-05]
703,[0.0134416]
704,[0.99960411]
705,[2.98508071e-05]
706,[0.99999567]
707,[0.99908317]
708,[0.99999995]
709,[0.99942895]
710,[1.]
711,[7.7953142e-06]
712,[0.00047814]
713,[0.99999975]
714,[1.68086878e-06]
715,[0.99847699]
716,[0.99989114]
717,[0.99999984]
718,[0.00890876]
719,[9.21016734e-10]
720,[0.99990599]
721,[0.99999991]
722,[3.66903296e-06]
723,[0.99999999]
724,[1.51393911e-09]
725,[9.67237521e-09]
726,[0.00010429]
727,[0.99987387]
728,[0.01003702]
729,[0.90599561]
730,[1.58104437e-16]
731,[1.]
732,[0.87801556]
733,[3.15690684e-08]
734,[1.2040115e-12]
735,[0.99999997]
736,[4.09391667e-07]
737,[5.35026121e-10]
738,[3.04014613e-09]
739,[7.77214718e-09]
740,[3.30406486e-17]
741,[0.99999999]
742,[0.0490084]
743,[0.99749276]
744,[0.99999689]
745,[4.92196809e-12]
746,[7.74380968e-16]
747,[0.99998573]
748,[0.99999998]
749,[0.00597418]
750,[6.55028901e-06]
751,[2.54638286e-15]
752,[0.99999982]
753,[1.]
754,[1.90735456e-15]
755,[0.97271835]
756,[2.37091787e-06]
757,[0.9999879]
758,[0.99978683]
759,[0.00176854]
760,[0.99999994]
761,[0.85719584]
762,[1.56498908e-06]
763,[6.75307838e-06]
764,[0.9999957]
765,[4.00744954e-07]
766,[6.5020746e-09]
767,[4.12610887e-10]
768,[0.99988213]
769,[3.5883268e-08]
770,[1.84631625e-09]
771,[1.11975726e-09]
772,[4.65747108e-06]
773,[0.68224204]
774,[0.99950789]
775,[1.]
776,[0.99997742]
777,[6.65153186e-06]
778,[0.99999886]
779,[0.99915103]
780,[0.00249707]
781,[1.]
782,[2.24605026e-05]
783,[0.99998838]
784,[0.9999985]
785,[0.3598828]
786,[2.95395696e-12]
787,[6.89569204e-08]
788,[0.99999827]
789,[2.01385124e-09]
790,[0.99999418]
791,[0.99991761]
792,[0.09615653]
793,[1.]
794,[5.39119394e-13]
795,[1.92201328e-06]
796,[1.]
797,[1.94826265e-09]
798,[6.29112953e-10]
799,[0.99940088]
800,[0.99985518]
801,[3.30679377e-16]
802,[2.03599943e-06]
803,[0.94155423]
804,[0.99999815]
805,[0.00321829]
806,[0.00012419]
807,[0.00019652]
808,[0.99999478]
809,[0.99999992]
810,[0.99999808]
811,[0.99999815]
812,[6.24983172e-12]
813,[0.00077236]
814,[0.00246131]
815,[1.80004449e-15]
816,[0.98099907]
817,[0.99993675]
818,[6.74382256e-07]
819,[6.01819209e-05]
820,[0.99994489]
821,[0.99999697]
822,[0.00243711]
823,[4.49558273e-13]
824,[1.42349099e-08]
825,[2.17212331e-06]
826,[1.]
827,[0.99995444]
828,[0.99837588]
829,[4.16920549e-21]
830,[0.00074459]
831,[0.99202213]
832,[0.2641167]
833,[0.98654676]
834,[0.99999997]
835,[0.99999969]
836,[1.]
837,[0.99982521]
838,[7.35638996e-13]
839,[0.00287102]
840,[0.9999999]
841,[4.63127943e-09]
842,[1.26283117e-11]
843,[1.]
844,[0.99990018]
845,[6.0168056e-10]
846,[2.03803094e-10]
847,[0.99798256]
848,[0.00098993]
849,[1.09691842e-17]
850,[0.00408982]
851,[0.00119033]
852,[0.99999106]
853,[0.99242779]
854,[6.49551236e-09]
855,[2.19734521e-08]
856,[0.04409526]
857,[5.55673901e-09]
858,[0.00139718]
859,[0.99828391]
860,[0.99989984]
861,[0.94863104]
862,[1.09460343e-07]
863,[3.97799221e-09]
864,[1.66878837e-06]
865,[1.56041127e-07]
866,[5.79412524e-05]
867,[0.99999947]
868,[0.00033842]
869,[0.99996388]
870,[0.00315809]
871,[0.99999524]
872,[0.99999996]
873,[0.99999993]
874,[4.87398934e-10]
875,[1.32204195e-14]
876,[1.]
877,[0.99992343]
878,[2.46748079e-05]
879,[0.9999636]
880,[6.03476376e-07]
881,[7.82800428e-11]
882,[1.]
883,[1.]
884,[0.99708606]
885,[0.59121568]
886,[0.99999999]
887,[1.84385637e-06]
888,[0.99037912]
889,[0.99999826]
890,[0.99997225]
891,[0.99999979]
892,[6.08905169e-14]
893,[0.99999996]
894,[0.99486758]
895,[0.99999998]
896,[0.00170227]
897,[1.70965636e-14]
898,[0.000732]
899,[2.48047965e-07]
900,[0.99999997]
901,[1.51219839e-11]
902,[0.99617329]
903,[1.85311704e-07]
904,[0.00018956]
905,[0.95121847]
906,[0.99037244]
907,[0.00594367]
908,[0.99999862]
909,[2.2153668e-10]
910,[2.04211883e-05]
911,[0.99999999]
912,[0.99998617]
913,[0.00010993]
914,[6.82655676e-05]
915,[7.74899123e-09]
916,[0.99999942]
917,[0.99758311]
918,[3.68391568e-09]
919,[0.99318047]
920,[1.01026018e-07]
921,[2.258935e-07]
922,[0.99999677]
923,[1.23253049e-15]
924,[0.99999974]
925,[1.]
926,[1.]
927,[0.00012804]
928,[0.96555226]
929,[5.40388507e-09]
930,[0.99999986]
931,[8.07996324e-07]
932,[1.45801869e-14]
933,[0.99997168]
934,[2.78325196e-18]
935,[2.74049396e-05]
936,[0.99999991]
937,[1.]
938,[1.1848098e-05]
939,[0.99999991]
940,[0.99999988]
941,[0.99979115]
942,[1.77623886e-05]
943,[0.99998192]
944,[1.]
945,[0.99999818]
946,[0.99992222]
947,[0.14019885]
948,[0.98235825]
949,[0.99998315]
950,[0.0018041]
951,[0.99999762]
952,[0.99998029]
953,[0.9998686]
954,[0.99996014]
955,[0.00034813]
956,[6.94025552e-08]
957,[0.99268138]
958,[0.99939121]
959,[0.99999676]
960,[5.57616413e-09]
961,[0.99999999]
962,[1.]
963,[0.99998649]
964,[0.9986227]
965,[5.03663894e-05]
966,[0.00318987]
967,[3.08332389e-06]
968,[2.32346763e-05]
969,[0.6265645]
970,[0.26509217]
971,[1.]
972,[2.22517078e-08]
973,[0.96840568]
974,[4.79469976e-14]
975,[0.00167185]
976,[4.10568044e-10]
977,[6.76022746e-05]
978,[0.0001319]
979,[0.99992062]
980,[0.99999682]
981,[0.99968738]
982,[0.99999984]
983,[0.02495427]
984,[3.25735968e-06]
985,[0.99999642]
986,[0.96784101]
987,[0.09866719]
988,[0.99969919]
989,[1.]
990,[1.90275061e-10]
991,[0.99999976]
992,[0.99732547]
993,[0.02594088]
994,[1.]
995,[1.78625837e-06]
996,[0.99970787]
997,[4.74696296e-09]
998,[0.99995421]
999,[6.79887444e-15]
1000,[4.53805643e-06]
1001,[2.96397592e-12]
1002,[1.52291762e-09]
1003,[0.30099217]
1004,[0.17054687]
1005,[0.13859448]
1006,[1.38415641e-09]
1007,[7.45880267e-06]
1008,[0.99981203]
1009,[0.01020586]
1010,[9.5707833e-06]
1011,[0.99998327]
1012,[3.28152447e-08]
1013,[2.87337194e-14]
1014,[7.42103398e-05]
1015,[4.6415657e-06]
1016,[1.]
1017,[0.99999969]
1018,[2.02105167e-11]
1019,[0.99963122]
1020,[0.99999894]
1021,[1.]
1022,[7.46018438e-06]
1023,[0.99999981]
1024,[2.18679643e-24]
1025,[5.87817225e-07]
1026,[1.14010739e-07]
1027,[1.81457528e-06]
1028,[0.99999888]
1029,[1.34164277e-09]
1030,[0.00191392]
1031,[2.72967982e-05]
1032,[0.99914122]
1033,[0.99994292]
1034,[0.9999971]
1035,[0.99984682]
1036,[0.00198857]
1037,[0.99999739]
1038,[0.99996576]
1039,[0.99996734]
1040,[0.01826445]
1041,[0.99996882]
1042,[0.99973069]
1043,[0.94467081]
1044,[0.99999999]
1045,[0.99407129]
1046,[0.99999773]
1047,[7.90612531e-08]
1048,[3.90473797e-07]
1049,[0.99916609]
1050,[0.9937872]
1051,[3.54742886e-11]
1052,[0.94823735]
1053,[0.99999787]
1054,[7.19703273e-05]
1055,[3.93466183e-05]
1056,[0.99998603]
1057,[0.99867143]
1058,[0.9943624]
1059,[0.99822004]
1060,[0.99760547]
1061,[2.23514429e-08]
1062,[0.97153418]
1063,[2.50606279e-05]
1064,[1.42432366e-07]
1065,[0.99997557]
1066,[4.44160896e-05]
1067,[0.76715388]
1068,[1.80630595e-07]
1069,[0.99961713]
1070,[0.89709564]
1071,[0.99891965]
1072,[8.21272915e-08]
1073,[0.99528383]
1074,[0.00014309]
1075,[0.99979629]
1076,[0.00015209]
1077,[0.99669896]
1078,[1.16928254e-08]
1079,[1.]
1080,[1.09199046e-12]
1081,[1.]
1082,[0.99999473]
1083,[0.99999805]
1084,[0.98870823]
1085,[0.99702364]
1086,[6.73451411e-10]
1087,[3.34054886e-08]
1088,[1.]
1089,[2.33036552e-11]
1090,[0.99670254]
1091,[0.998899]
1092,[3.68799606e-07]
1093,[1.51061032e-08]
1094,[1.68241185e-11]
1095,[0.00152003]
1096,[0.99999994]
1097,[0.00010092]
1098,[0.99999984]
1099,[0.28328336]
1100,[0.99266425]
1101,[0.99996944]
1102,[7.67563509e-09]
1103,[1.05563472e-09]
1104,[3.63297872e-07]
1105,[0.99991401]
1106,[1.]
1107,[0.00973953]
1108,[1.04174187e-06]
1109,[0.99999852]
1110,[1.2517484e-09]
1111,[3.9105231e-10]
1112,[0.99999991]
1113,[0.99576471]
1114,[0.00209624]
1115,[2.71561655e-05]
1116,[1.50130826e-07]
1117,[3.98371271e-08]
1118,[0.99965907]
1119,[0.99999779]
1120,[0.98842606]
1121,[1.19841807e-05]
1122,[0.99999978]
1123,[1.43271664e-09]
1124,[0.00898554]
1125,[0.00844145]
1126,[0.99999999]
1127,[0.99998903]
1128,[2.23768973e-06]
1129,[0.99974937]
1130,[0.99999991]
1131,[1.36414802e-15]
1132,[1.42184592e-08]
1133,[0.00022673]
1134,[0.95288151]
1135,[2.92855163e-09]
1136,[0.99999947]
1137,[0.99738774]
1138,[0.9999906]
1139,[0.9864226]
1140,[1.02167085e-09]
1141,[4.21592584e-06]
1142,[0.9999939]
1143,[0.9999516]
1144,[0.00143372]
1145,[0.99984725]
1146,[0.99989608]
1147,[4.19091126e-08]
1148,[1.58363544e-15]
1149,[0.99999999]
1150,[0.99958156]
1151,[0.99977239]
1152,[0.99999944]
1153,[0.99999515]
1154,[0.99999994]
1155,[0.04994243]
1156,[1.]
1157,[0.99999856]
1158,[8.41216888e-09]
1159,[0.99999999]
1160,[1.]
1161,[0.24643021]
1162,[0.99994099]
1163,[1.]
1164,[3.25638318e-14]
1165,[0.99744313]
1166,[0.006947]
1167,[0.99998072]
1168,[0.99999105]
1169,[0.00174769]
1170,[6.00852541e-07]
1171,[4.54488181e-06]
1172,[1.]
1173,[1.57863969e-05]
1174,[0.00667802]
1175,[1.]
1176,[0.01458342]
1177,[0.99999833]
1178,[0.99997216]
1179,[0.99999985]
1180,[0.99974119]
1181,[0.99999992]
1182,[1.92251453e-09]
1183,[0.99998336]
1184,[1.]
1185,[2.33995473e-11]
1186,[0.99999694]
1187,[0.99993362]
1188,[0.80280032]
1189,[0.00535422]
1190,[1.34923291e-14]
1191,[4.8515333e-05]
1192,[0.99998247]
1193,[1.31644875e-06]
1194,[6.97061925e-13]
1195,[4.14076821e-06]
1196,[0.99999847]
1197,[0.99999993]
1198,[2.7065203e-07]
1199,[0.17822373]
1200,[0.99999948]
1201,[0.99991296]
1202,[2.9899687e-12]
1203,[0.01152731]
1204,[0.95810134]
1205,[0.99999924]
1206,[0.00719358]
1207,[2.32190921e-05]
1208,[0.99999658]
1209,[0.99999999]
1210,[0.00599675]
1211,[7.72798761e-05]
1212,[3.06655347e-07]
1213,[0.99999713]
1214,[0.99999963]
1215,[0.99994905]
1216,[0.94396551]
1217,[0.00023322]
1218,[2.30356655e-14]
1219,[1.]
1220,[6.19213657e-06]
1221,[3.04476836e-08]
1222,[0.99999988]
1223,[0.99998598]
1224,[1.7061985e-07]
1225,[5.13195924e-09]
1226,[0.99999822]
1227,[2.11841144e-08]
1228,[1.73800253e-07]
1229,[1.]
1230,[0.99999619]
1231,[5.9934651e-12]
1232,[0.99108439]
1233,[2.08995047e-11]
1234,[0.99921537]
1235,[2.36481194e-12]
1236,[0.99998725]
1237,[0.99986616]
1238,[0.99999898]
1239,[0.99983609]
1240,[1.9035047e-05]
1241,[0.99999997]
1242,[1.]
1243,[6.71865378e-09]
1244,[2.76470534e-05]
1245,[0.99587623]
1246,[1.]
1247,[0.99587598]
1248,[0.99997131]
1249,[0.99999942]
1250,[0.96802713]
1251,[0.68095263]
1252,[0.00062807]
1253,[1.46017149e-13]
1254,[0.99999567]
1255,[0.83277466]
1256,[0.99861976]
1257,[0.99999934]
1258,[0.99963839]
1259,[1.]
1260,[0.99953207]
1261,[1.]
1262,[0.99996024]
1263,[1.41234789e-05]
1264,[1.97370571e-08]
1265,[0.99996493]
1266,[0.005625]
1267,[0.99994057]
1268,[5.47261923e-12]
1269,[1.28367171e-09]
1270,[0.0109734]
1271,[0.99977407]
1272,[1.80018853e-09]
1273,[2.6278625e-08]
1274,[2.61489589e-14]
1275,[0.99992282]
1276,[1.]
1277,[0.99999908]
1278,[1.]
1279,[4.25677536e-06]
1280,[5.43551393e-13]
1281,[0.00507659]
1282,[0.99999985]
1283,[9.65001568e-10]
1284,[0.25999649]
1285,[0.99999848]
1286,[0.99999994]
1287,[9.90117705e-05]
1288,[1.02444115e-17]
1289,[6.3011693e-07]
1290,[1.]
1291,[0.99466857]
1292,[1.7773929e-08]
1293,[0.99999998]
1294,[1.]
1295,[0.99999999]
1296,[1.]
1297,[7.0745416e-11]
1298,[0.99999867]
1299,[0.9999985]
1300,[0.99880887]
1301,[0.002738]
1302,[0.88225638]
1303,[1.]
1304,[8.9880976e-07]
1305,[0.00210009]
1306,[2.32528709e-05]
1307,[7.81461283e-07]
1308,[7.59968404e-07]
1309,[0.99999895]
1310,[0.9999867]
1311,[0.99997987]
1312,[3.23624989e-07]
1313,[0.99905685]
1314,[1.]
1315,[4.16566713e-13]
1316,[0.00011743]
1317,[0.99999936]
1318,[0.01311193]
1319,[1.]
1320,[1.75631968e-06]
1321,[0.00014279]
1322,[5.76108284e-06]
1323,[0.99983485]
1324,[1.59134294e-06]
1325,[1.]
1326,[8.65349618e-05]
1327,[1.13429515e-22]
1328,[0.00014621]
1329,[1.]
1330,[0.99983967]
1331,[3.09145338e-07]
1332,[1.6071842e-10]
1333,[3.45110554e-05]
1334,[2.30865969e-08]
1335,[2.17200401e-08]
1336,[0.01460763]
1337,[5.04163559e-06]
1338,[0.99999991]
1339,[1.]
1340,[1.08654824e-10]
1341,[5.4131713e-12]
1342,[0.99999976]
1343,[1.]
1344,[0.00019254]
1345,[2.43961979e-10]
1346,[1.]
1347,[0.99927254]
1348,[4.65380551e-17]
1349,[0.99994118]
1350,[0.99999297]
1351,[1.]
1352,[0.0003493]
1353,[6.8853366e-10]
1354,[1.96484092e-14]
1355,[2.95333726e-08]
1356,[0.99999874]
1357,[1.30218348e-16]
1358,[6.71413414e-18]
1359,[0.99994464]
1360,[0.99999996]
1361,[0.99973497]
1362,[0.99999925]
1363,[1.46530349e-06]
1364,[1.24121522e-09]
1365,[0.87239453]
1366,[1.]
1367,[0.99998845]
1368,[8.25613709e-12]
1369,[8.67057608e-14]
1370,[4.61607515e-06]
1371,[2.50563978e-07]
1372,[1.]
1373,[4.30643199e-06]
1374,[4.0086125e-11]
1375,[0.00011767]
1376,[0.99996038]
1377,[1.]
1378,[0.00170531]
1379,[1.41117143e-12]
1380,[0.00010514]
1381,[0.99999985]
1382,[0.99997157]
1383,[0.99999984]
1384,[6.59332513e-10]
1385,[0.99999931]
1386,[1.23223106e-12]
1387,[5.21480789e-05]
1388,[6.12733393e-11]
1389,[4.6931442e-07]
1390,[1.60977205e-06]
1391,[0.99997743]
1392,[0.9999139]
1393,[3.72001973e-09]
1394,[0.99993629]
1395,[0.00016405]
1396,[0.99985383]
1397,[0.999997]
1398,[0.99994981]
1399,[0.99926887]
1400,[4.51057967e-09]
1401,[0.99999999]
1402,[0.99999998]
1403,[0.9999942]
1404,[5.63860847e-11]
1405,[0.99990728]
1406,[0.99884422]
1407,[0.99999827]
1408,[0.5421647]
1409,[2.94989137e-08]
1410,[3.61541924e-05]
1411,[0.9999943]
1412,[0.00472469]
1413,[0.99997377]
1414,[0.00016501]
1415,[0.000726]
1416,[0.99999993]
1417,[0.99996409]
1418,[0.33337528]
1419,[0.9999989]
1420,[7.40606743e-07]
1421,[0.00917132]
1422,[3.62812903e-09]
1423,[0.0017852]
1424,[1.]
1425,[2.88736755e-13]
1426,[0.99999896]
1427,[0.99953158]
1428,[4.69108351e-15]
1429,[1.]
1430,[4.65911154e-07]
1431,[0.99999938]
1432,[7.54901219e-05]
1433,[0.99993661]
1434,[3.44398918e-09]
1435,[7.99308318e-06]
1436,[0.99025792]
1437,[3.66551169e-09]
1438,[0.9999601]
1439,[0.99999986]
1440,[3.8002552e-10]
1441,[0.9999997]
1442,[1.14285399e-06]
1443,[0.00023576]
1444,[5.75525865e-15]
1445,[0.43031234]
1446,[0.99999459]
1447,[0.00014226]
1448,[8.60172295e-11]
1449,[2.51094561e-10]
1450,[0.99982086]
1451,[1.43488449e-15]
1452,[2.07411395e-10]
1453,[0.99977575]
1454,[0.9999985]
1455,[1.87280625e-18]
1456,[0.00023783]
1457,[5.07992564e-08]
1458,[1.65437134e-18]
1459,[2.72107257e-14]
1460,[2.41459284e-05]
1461,[4.83275588e-19]
1462,[2.80074007e-10]
1463,[0.99919148]
1464,[0.99999918]
1465,[0.99989974]
1466,[9.35090524e-07]
1467,[0.00425836]
1468,[0.00105551]
1469,[0.99990637]
1470,[0.99999849]
1471,[0.99999756]
1472,[1.]
1473,[5.05444267e-06]
1474,[1.]
1475,[0.99999855]
1476,[2.1496478e-07]
1477,[0.00062564]
1478,[7.04789922e-10]
1479,[0.99999894]
1480,[0.99999927]
1481,[0.99999557]
1482,[0.00010009]
1483,[1.]
1484,[9.16510152e-05]
1485,[5.72438581e-08]
1486,[0.99999985]
1487,[0.97814681]
1488,[0.99999958]
1489,[0.00105189]
1490,[1.34984085e-12]
1491,[6.50887806e-08]
1492,[1.]
1493,[0.99999876]
1494,[3.97118466e-06]
1495,[0.99999999]
1496,[4.29382522e-07]
1497,[0.99979247]
1498,[0.99999958]
1499,[2.68575184e-05]
1500,[1.]
1501,[0.05983306]
1502,[0.9968418]
1503,[0.01811954]
1504,[0.99996855]
1505,[2.59894637e-06]
1506,[2.4679994e-12]
1507,[0.97880789]
1508,[0.0492346]
1509,[4.24333156e-12]
1510,[0.99993172]
1511,[4.69918739e-08]
1512,[0.99999552]
1513,[6.5103896e-10]
1514,[4.78434899e-13]
1515,[0.99846908]
1516,[0.24699203]
1517,[3.43051746e-19]
1518,[0.14435874]
1519,[1.]
1520,[1.]
1521,[0.99866754]
1522,[0.00216285]
1523,[3.47249913e-05]
1524,[0.99861448]
1525,[0.99999942]
1526,[0.99965511]
1527,[0.0413826]
1528,[0.99999921]
1529,[1.23502357e-06]
1530,[0.99857626]
1531,[7.66554969e-06]
1532,[4.01708327e-06]
1533,[2.34746344e-06]
1534,[0.99999845]
1535,[0.99840136]
1536,[0.99999999]
1537,[0.99999987]
1538,[3.89100042e-05]
1539,[8.16155285e-09]
1540,[0.99982435]
1541,[0.00018331]
1542,[0.00401319]
1543,[0.00081556]
1544,[0.99999999]
1545,[0.99999994]
1546,[0.99771025]
1547,[7.15561503e-06]
1548,[0.99999998]
1549,[0.99992198]
1550,[0.99999993]
1551,[0.99999841]
1552,[0.99719751]
1553,[0.99926642]
1554,[6.23018301e-13]
1555,[0.00010051]
1556,[7.11234109e-09]
1557,[3.16445615e-05]
1558,[0.99999994]
1559,[2.97811672e-11]
1560,[3.64376679e-16]
1561,[0.99999672]
1562,[0.99990414]
1563,[0.99959211]
1564,[0.97472727]
1565,[0.99243273]
1566,[0.9997241]
1567,[0.99994972]
1568,[7.76905848e-13]
1569,[0.00161559]
1570,[0.99980381]
1571,[0.99996421]
1572,[1.40044432e-07]
1573,[0.02007845]
1574,[7.82644984e-16]
1575,[1.]
1576,[1.72435633e-15]
1577,[0.99862354]
1578,[0.99999996]
1579,[8.09048867e-06]
1580,[0.00876886]
1581,[0.99999995]
1582,[0.00037379]
1583,[0.99999443]
1584,[0.9982157]
1585,[0.43973096]
1586,[6.19445933e-11]
1587,[0.00027548]
1588,[0.99999993]
1589,[0.83212573]
1590,[0.99721633]
1591,[0.99790963]
1592,[2.15597843e-07]
1593,[0.99990346]
1594,[4.29677976e-09]
1595,[0.00049046]
1596,[9.99884032e-05]
1597,[0.00818232]
1598,[1.90927461e-05]
1599,[2.60142107e-07]
1600,[0.99428364]
1601,[0.00063922]
1602,[0.99999885]
1603,[1.53606686e-07]
1604,[0.00205268]
1605,[0.99999996]
1606,[5.29060114e-09]
1607,[2.45240559e-12]
1608,[3.51413117e-09]
1609,[0.99998533]
1610,[0.99988254]
1611,[0.99999884]
1612,[4.77460436e-14]
1613,[0.99987028]
1614,[0.99999029]
1615,[9.09984138e-07]
1616,[0.10772868]
1617,[2.43772646e-07]
1618,[3.56404076e-05]
1619,[0.66452867]
1620,[0.00116973]
1621,[3.5222593e-10]
1622,[0.95322355]
1623,[1.]
1624,[1.]
1625,[1.95349746e-14]
1626,[0.99999278]
1627,[0.04764482]
1628,[1.41635038e-10]
1629,[0.99999869]
1630,[1.]
1631,[0.99999658]
1632,[3.60983731e-06]
1633,[1.30303555e-12]
1634,[0.00111688]
1635,[0.00017487]
1636,[0.34221548]
1637,[0.97201743]
1638,[0.99996676]
1639,[0.99959347]
1640,[0.99999977]
1641,[2.01691037e-08]
1642,[0.49565568]
1643,[0.99998037]
1644,[0.99999997]
1645,[2.74473267e-13]
1646,[0.9949001]
1647,[0.99999097]
1648,[0.99999981]
1649,[0.99999984]
1650,[6.37812557e-07]
1651,[0.94797741]
1652,[5.56276541e-06]
1653,[6.18233243e-05]
1654,[0.01318316]
1655,[0.01344322]
1656,[1.76241992e-14]
1657,[1.]
1658,[0.99999997]
1659,[1.26953056e-06]
1660,[0.88871529]
1661,[0.99785036]
1662,[0.99929686]
1663,[2.48131736e-13]
1664,[2.11093671e-06]
1665,[4.80224045e-05]
1666,[0.98909165]
1667,[0.99991933]
1668,[7.25961499e-08]
1669,[1.51777666e-06]
1670,[1.16205949e-11]
1671,[1.]
1672,[1.98355498e-12]
1673,[0.99999992]
1674,[1.]
1675,[0.0002912]
1676,[2.07575316e-09]
1677,[0.99995829]
1678,[0.96598545]
1679,[0.01132434]
1680,[8.72789728e-05]
1681,[3.04478333e-19]
1682,[0.99999174]
1683,[7.14829648e-11]
1684,[0.99998567]
1685,[4.30066239e-06]
1686,[0.99999877]
1687,[0.99885505]
1688,[0.99995993]
1689,[0.99997814]
1690,[0.9999711]
1691,[0.00034862]
1692,[2.50574697e-13]
1693,[1.]
1694,[9.35092107e-07]
1695,[0.99886634]
1696,[0.9996155]
1697,[0.97374984]
1698,[6.60135098e-07]
1699,[0.00171203]
1700,[0.99999454]
1701,[0.99979701]
1702,[6.66452931e-13]
1703,[0.9983709]
1704,[0.99983129]
1705,[6.81193969e-10]
1706,[0.9982126]
1707,[1.7513342e-05]
1708,[0.9487948]
1709,[0.99999978]
1710,[0.96453711]
1711,[1.]
1712,[8.72877354e-07]
1713,[7.55423815e-07]
1714,[0.98766862]
1715,[0.99999107]
1716,[1.92577833e-10]
1717,[4.68966934e-09]
1718,[7.05963417e-12]
1719,[4.20607681e-12]
1720,[0.99992025]
1721,[2.41370383e-06]
1722,[0.99995656]
1723,[1.]
1724,[0.99999984]
1725,[8.01334069e-11]
1726,[0.99999859]
1727,[1.]
1728,[5.66511377e-06]
1729,[4.48594444e-06]
1730,[0.99865939]
1731,[0.99996121]
1732,[1.]
1733,[1.3078031e-12]
1734,[8.39302997e-07]
1735,[0.99999253]
1736,[0.07788878]
1737,[0.02231153]
1738,[2.90069949e-06]
1739,[0.99997489]
1740,[1.]
1741,[0.87757143]
1742,[1.]
1743,[2.20232299e-09]
1744,[2.07431977e-07]
1745,[0.98123013]
1746,[0.99998962]
1747,[0.09513403]
1748,[1.50677311e-08]
1749,[0.99580649]
1750,[0.99996358]
1751,[4.35994272e-07]
1752,[0.99970748]
1753,[9.71297253e-10]
1754,[3.73847759e-07]
1755,[0.99999789]
1756,[0.99999981]
1757,[7.70311316e-07]
1758,[0.99848271]
1759,[1.01684202e-08]
1760,[0.99991449]
1761,[2.57452733e-08]
1762,[3.55416353e-09]
1763,[0.99997739]
1764,[0.99989377]
1765,[0.99999986]
1766,[1.]
1767,[2.94667282e-08]
1768,[4.70528021e-08]
1769,[0.99998971]
1770,[1.70280793e-05]
1771,[0.81069983]
1772,[0.99997478]
1773,[6.35217134e-06]
1774,[3.85940355e-07]
1775,[0.68510115]
1776,[0.98875397]
1777,[6.91286431e-10]
1778,[2.03977847e-08]
1779,[7.14817946e-12]
1780,[3.0502982e-14]
1781,[0.08492761]
1782,[6.69099793e-07]
1783,[0.41756007]
1784,[2.64741383e-08]
1785,[3.13980938e-09]
1786,[1.45380418e-11]
1787,[0.99878224]
1788,[1.00211136e-08]
1789,[1.]
1790,[0.82358067]
1791,[6.527583e-08]
1792,[0.84945985]
1793,[0.99991134]
1794,[0.99999974]
1795,[0.99999938]
1796,[1.25102305e-06]
1797,[1.91060546e-17]
1798,[8.34622089e-06]
1799,[0.99994148]
1800,[7.16591186e-08]
1801,[0.99999893]
1802,[0.99999988]
1803,[1.98715228e-09]
1804,[5.36009827e-08]
1805,[0.0011609]
1806,[1.65058721e-07]
1807,[0.99999854]
1808,[6.87019883e-13]
1809,[3.72579295e-07]
1810,[1.53912955e-05]
1811,[1.1800093e-09]
1812,[0.99999997]
1813,[6.18619237e-05]
1814,[1.7215267e-09]
1815,[2.09061327e-05]
1816,[0.00015777]
1817,[0.93628567]
1818,[0.99999896]
1819,[1.]
1820,[8.71567384e-16]
1821,[1.]
1822,[0.99980006]
1823,[0.03729513]
1824,[0.00089245]
1825,[3.15085616e-07]
1826,[7.56468354e-05]
1827,[9.96903948e-11]
1828,[0.00027328]
1829,[0.99995536]
1830,[0.99748564]
1831,[0.999935]
1832,[1.]
1833,[0.99292247]
1834,[0.99641621]
1835,[0.99970407]
1836,[3.65043179e-15]
1837,[0.00022736]
1838,[7.84185367e-17]
1839,[1.17339555e-19]
1840,[6.06291641e-15]
1841,[7.3144097e-08]
1842,[1.]
1843,[0.99345445]
1844,[0.99972105]
1845,[0.00028826]
1846,[2.75890392e-14]
1847,[0.99999672]
1848,[4.18028225e-10]
1849,[0.99810962]
1850,[0.99970974]
1851,[0.99997408]
1852,[6.56499175e-10]
1853,[0.97451786]
1854,[1.30835024e-15]
1855,[0.99882292]
1856,[0.00128235]
1857,[4.73039323e-10]
1858,[0.99999989]
1859,[1.37080587e-07]
1860,[0.00083625]
1861,[0.99998502]
1862,[0.00230181]
1863,[0.29203051]
1864,[1.24552129e-13]
1865,[0.7825559]
1866,[0.99999998]
1867,[0.92314642]
1868,[1.26141368e-06]
1869,[1.]
1870,[0.00026658]
1871,[1.]
1872,[0.00010463]
1873,[1.99486472e-07]
1874,[2.27727211e-05]
1875,[0.99947257]
1876,[7.76611501e-07]
1877,[1.50187172e-05]
1878,[4.76077267e-15]
1879,[2.63282704e-05]
1880,[0.05819735]
1881,[0.99996506]
1882,[1.8144492e-07]
1883,[8.96575236e-09]
1884,[2.50473533e-07]
1885,[0.00399987]
1886,[0.99999989]
1887,[1.91215268e-07]
1888,[6.58015402e-06]
1889,[0.23074373]
1890,[0.99999455]
1891,[2.32436429e-10]
1892,[0.99999994]
1893,[0.00082548]
1894,[1.]
1895,[1.11428086e-16]
1896,[1.39430319e-10]
1897,[0.99999907]
1898,[1.]
1899,[0.99989902]
1900,[0.99164952]
1901,[0.99959931]
1902,[1.]
1903,[1.]
1904,[0.98598345]
1905,[0.99852946]
1906,[8.18113716e-09]
1907,[0.01874276]
1908,[0.99895748]
1909,[0.99999903]
1910,[9.11424098e-09]
1911,[0.0032038]
1912,[0.00984285]
1913,[0.99997229]
1914,[0.99999968]
1915,[1.45728201e-05]
1916,[0.99999951]
1917,[4.19294438e-07]
1918,[2.58848127e-05]
1919,[0.01128476]
1920,[1.]
1921,[1.]
1922,[0.99913225]
1923,[1.16840567e-13]
1924,[5.61411254e-05]
1925,[1.00007519e-07]
1926,[0.99999891]
1927,[1.]
1928,[7.31784463e-08]
1929,[0.0005431]
1930,[3.21655976e-07]
1931,[3.3186536e-14]
1932,[1.98842698e-11]
1933,[0.99999683]
1934,[3.05978881e-05]
1935,[0.00014436]
1936,[0.99910121]
1937,[1.00697126e-09]
1938,[2.01405335e-05]
1939,[1.5151532e-05]
1940,[0.99999993]
1941,[0.99999972]
1942,[0.9999995]
1943,[0.99992167]
1944,[0.99966891]
1945,[1.]
1946,[0.99991558]
1947,[7.71528723e-14]
1948,[0.99999288]
1949,[0.99999945]
1950,[0.99988748]
1951,[0.99999987]
1952,[0.99999913]
1953,[0.99992382]
1954,[2.6076706e-10]
1955,[0.99999986]
1956,[9.12475662e-07]
1957,[0.07619445]
1958,[0.00027145]
1959,[9.27756896e-07]
1960,[0.00327334]
1961,[0.00048559]
1962,[9.35870605e-05]
1963,[0.9999878]
1964,[0.99999993]
1965,[0.00667519]
1966,[0.00170767]
1967,[2.22808749e-05]
1968,[0.99999862]
1969,[7.5950492e-14]
1970,[1.63855303e-08]
1971,[0.83836664]
1972,[5.0050334e-09]
1973,[1.52121728e-11]
1974,[0.00137462]
1975,[0.01345062]
1976,[0.00024818]
1977,[0.78918913]
1978,[0.04037867]
1979,[0.51342905]
1980,[0.99053153]
1981,[4.37094703e-08]
1982,[3.41195291e-11]
1983,[2.25129943e-11]
1984,[7.01471526e-16]
1985,[2.9336711e-18]
1986,[2.04971547e-06]
1987,[6.28839197e-14]
1988,[5.41329465e-08]
1989,[2.15023673e-12]
1990,[0.00175356]
1991,[0.99999874]
1992,[0.99999869]
1993,[0.99999999]
1994,[5.57074593e-05]
1995,[0.54109904]
1996,[1.48304462e-13]
1997,[4.14885781e-06]
1998,[2.67217389e-05]
1999,[0.99996981]
2000,[1.]
2001,[2.77222683e-07]
2002,[0.99970929]
2003,[2.67980348e-11]
2004,[1.]
2005,[1.]
2006,[0.99008491]
2007,[2.99164721e-05]
2008,[2.26014368e-10]
2009,[0.00027069]
2010,[1.29147795e-06]
2011,[0.99999994]
2012,[0.95001309]
2013,[0.99986361]
2014,[0.99936077]
2015,[0.98769925]
2016,[4.27313312e-06]
2017,[2.11629162e-10]
2018,[0.99987149]
2019,[0.99962739]
2020,[9.88976991e-06]
2021,[0.02992009]
2022,[5.45235591e-07]
2023,[0.99997742]
2024,[0.0381727]
2025,[0.99998726]
2026,[0.99998397]
2027,[0.86540562]
2028,[2.96270735e-11]
2029,[0.9999474]
2030,[0.99999104]
2031,[0.03577813]
2032,[0.99999993]
2033,[0.99999821]
2034,[1.70264797e-10]
2035,[9.78785843e-09]
2036,[0.96312587]
2037,[0.99999597]
2038,[0.99999319]
2039,[7.58743721e-05]
2040,[2.48012428e-06]
2041,[0.99998277]
2042,[0.99999949]
2043,[8.3536686e-18]
2044,[0.99999039]
2045,[1.79779668e-11]
2046,[1.4934833e-12]
2047,[5.08627305e-06]
2048,[0.7815878]
2049,[0.99999997]
2050,[1.79253709e-06]
2051,[2.73145796e-07]
2052,[2.28987754e-05]
2053,[1.5875361e-11]
2054,[9.99489724e-08]
2055,[4.13944831e-07]
2056,[1.13622842e-15]
2057,[0.99512545]
2058,[2.28539503e-16]
2059,[0.99999999]
2060,[7.88119603e-05]
2061,[0.99987055]
2062,[1.]
2063,[7.76174912e-07]
2064,[0.00039897]
2065,[0.12649649]
2066,[3.15348821e-05]
2067,[0.99999886]
2068,[0.99999999]
2069,[3.92579488e-06]
2070,[0.98881508]
2071,[0.39460557]
2072,[0.30502593]
2073,[0.00041485]
2074,[0.82995172]
2075,[0.99997047]
2076,[6.13444751e-07]
2077,[0.59046766]
2078,[0.99998632]
2079,[8.14632533e-06]
2080,[3.28622904e-05]
2081,[4.55774316e-05]
2082,[5.38738077e-08]
2083,[0.999911]
2084,[1.]
2085,[3.36092717e-08]
2086,[1.16922221e-06]
2087,[0.98075748]
2088,[0.99999943]
2089,[4.59213923e-13]
2090,[0.9996988]
2091,[0.99990934]
2092,[0.99925469]
2093,[0.01873517]
2094,[0.02224824]
2095,[0.99999808]
2096,[0.01397235]
2097,[2.20778909e-07]
2098,[0.99999822]
2099,[0.00232638]
2100,[0.99989273]
2101,[5.71713681e-05]
2102,[1.]
2103,[0.00035393]
2104,[0.00128659]
2105,[0.00083225]
2106,[0.99991699]
2107,[0.9999974]
2108,[1.]
2109,[0.99823884]
2110,[2.71180932e-11]
2111,[0.06559596]
2112,[1.]
2113,[0.0001126]
2114,[0.99908905]
2115,[1.17957899e-08]
2116,[4.60432274e-11]
2117,[2.7061616e-14]
2118,[1.40141524e-07]
2119,[0.99999999]
2120,[2.43962362e-07]
2121,[0.00010279]
2122,[0.99999986]
2123,[0.99999998]
2124,[0.95856999]
2125,[4.9075301e-06]
2126,[6.20755085e-06]
2127,[2.26324025e-14]
2128,[0.00784337]
2129,[5.76740246e-11]
2130,[0.00051512]
2131,[0.3808263]
2132,[3.3359015e-06]
2133,[1.]
2134,[0.99999939]
2135,[5.13135356e-05]
2136,[0.99999838]
2137,[0.99999868]
2138,[0.99997788]
2139,[1.]
2140,[0.99995119]
2141,[0.99999209]
2142,[0.99884018]
2143,[1.17093177e-05]
2144,[0.99999982]
2145,[0.99313819]
2146,[0.93322316]
2147,[0.00018515]
2148,[0.99999666]
2149,[2.58519518e-11]
2150,[0.99999999]
2151,[0.99998796]
2152,[0.99977526]
2153,[0.86442148]
2154,[1.]
2155,[0.00011136]
2156,[2.70162407e-05]
2157,[9.17530892e-13]
2158,[2.77147365e-12]
2159,[0.00025755]
2160,[0.99937268]
2161,[0.00962583]
2162,[0.99999997]
2163,[0.99999885]
2164,[0.99999957]
2165,[0.99999397]
2166,[0.99992799]
2167,[1.]
2168,[1.71671403e-05]
2169,[1.13019949e-21]
2170,[2.03092896e-06]
2171,[0.99999471]
2172,[1.]
2173,[3.89526674e-05]
2174,[1.]
2175,[9.83325654e-13]
2176,[0.99796717]
2177,[0.00481458]
2178,[1.54635606e-06]
2179,[0.99999901]
2180,[1.]
2181,[0.00062274]
2182,[0.97639464]
2183,[0.0006823]
2184,[0.99999995]
2185,[0.00069763]
2186,[3.53279027e-22]
2187,[0.99999905]
2188,[0.99999012]
2189,[0.99871854]
2190,[0.99861327]
2191,[0.74072403]
2192,[0.99998693]
2193,[2.91728227e-15]
2194,[0.9999586]
2195,[0.00414042]
2196,[0.00394746]
2197,[0.99852667]
2198,[0.99999999]
2199,[4.21374579e-12]
2200,[0.99999997]
2201,[0.99999994]
2202,[1.]
2203,[1.66466551e-09]
2204,[1.59596345e-07]
2205,[0.99999999]
2206,[1.]
2207,[1.75200561e-06]
2208,[0.99999999]
2209,[0.99608793]
2210,[1.87439235e-10]
2211,[6.21365856e-10]
2212,[0.99836897]
2213,[3.27687298e-05]
2214,[0.00018046]
2215,[0.98757283]
2216,[0.99999998]
2217,[0.99919208]
2218,[0.78285839]
2219,[0.04561062]
2220,[0.91243266]
2221,[0.78843523]
2222,[1.]
2223,[0.99999979]
2224,[1.98612555e-06]
2225,[0.98650192]
2226,[0.99999978]
2227,[0.99995871]
2228,[0.99982236]
2229,[0.99908812]
2230,[1.03801645e-06]
2231,[0.00031156]
2232,[0.2493172]
2233,[8.51441952e-05]
2234,[0.00424837]
2235,[0.99997352]
2236,[0.94333044]
2237,[1.06091477e-06]
2238,[0.99999743]
2239,[4.97691398e-07]
2240,[0.99999982]
2241,[1.]
2242,[0.99999974]
2243,[5.24819466e-08]
2244,[0.99999996]
2245,[6.17472988e-09]
2246,[7.92223097e-11]
2247,[0.99999998]
2248,[3.87379853e-10]
2249,[1.84804876e-10]
2250,[1.89931083e-10]
2251,[0.99999982]
2252,[0.99964165]
2253,[4.12756572e-05]
2254,[9.24545931e-11]
2255,[0.99999998]
2256,[0.9999991]
2257,[0.04898216]
2258,[0.99739343]
2259,[7.44724816e-05]
2260,[1.]
2261,[7.90982067e-07]
2262,[4.54252442e-07]
2263,[0.99840085]
2264,[0.99972795]
2265,[0.99991341]
2266,[3.58431365e-12]
2267,[0.59188136]
2268,[0.85654075]
2269,[0.99999995]
2270,[3.53355599e-16]
2271,[0.66822166]
2272,[1.88200066e-05]
2273,[0.05335379]
2274,[4.31709798e-07]
2275,[0.99999992]
2276,[8.12367948e-11]
2277,[0.02859983]
2278,[4.15272246e-14]
2279,[0.99967987]
2280,[0.99977749]
2281,[9.29800079e-12]
2282,[2.77708944e-07]
2283,[9.68484734e-06]
2284,[1.22043207e-09]
2285,[3.334414e-05]
2286,[1.]
2287,[0.96983638]
2288,[0.00012879]
2289,[1.]
2290,[4.35220085e-07]
2291,[0.99998009]
2292,[0.99997468]
2293,[0.99997049]
2294,[1.04663385e-07]
2295,[0.99284324]
2296,[3.59994681e-13]
2297,[0.99998559]
2298,[0.00010307]
2299,[1.91833888e-05]
2300,[0.26626567]
2301,[1.]
2302,[0.97928419]
2303,[1.]
2304,[2.1256474e-08]
2305,[0.9178505]
2306,[0.9999999]
2307,[0.00098469]
2308,[1.39749505e-06]
2309,[0.97969823]
2310,[1.46118246e-08]
2311,[0.99961592]
2312,[0.99999875]
2313,[1.]
2314,[0.99936585]
2315,[6.45441011e-11]
2316,[8.57390574e-07]
2317,[1.]
2318,[0.99932283]
2319,[0.01249477]
2320,[1.54016213e-09]
2321,[0.99910741]
2322,[0.00024325]
2323,[3.62792599e-06]
2324,[1.82066087e-07]
2325,[5.11092694e-09]
2326,[0.9815625]
2327,[4.18640386e-10]
2328,[0.79943837]
2329,[3.62611099e-06]
2330,[1.]
2331,[0.99999988]
2332,[0.99997805]
2333,[2.60211506e-05]
2334,[0.99996318]
2335,[0.99999225]
2336,[0.99999366]
2337,[4.95404554e-07]
2338,[0.99982873]
2339,[2.70519029e-11]
2340,[6.8170514e-12]
2341,[0.00763594]
2342,[1.6386585e-09]
2343,[0.99999995]
2344,[0.99994451]
2345,[0.9999435]
2346,[0.03807413]
2347,[0.99999999]
2348,[1.]
2349,[2.01319727e-07]
2350,[0.99979898]
2351,[0.99999999]
2352,[6.15992099e-10]
2353,[0.99999998]
2354,[6.14014531e-07]
2355,[0.12881282]
2356,[4.68136011e-08]
2357,[0.97392682]
2358,[0.02369365]
2359,[1.00594538e-14]
2360,[1.]
2361,[0.99964491]
2362,[1.3050159e-16]
2363,[6.8601679e-05]
2364,[0.99999722]
2365,[8.77283602e-07]
2366,[4.4744119e-05]
2367,[0.99999974]
2368,[0.99998201]
2369,[0.01685732]
2370,[0.85641202]
2371,[0.9631291]
2372,[0.99999999]
2373,[1.37922722e-05]
2374,[3.48521833e-08]
2375,[0.99937654]
2376,[9.81500867e-05]
2377,[0.99488053]
2378,[1.]
2379,[1.93650824e-05]
2380,[0.00028021]
2381,[0.99996954]
2382,[0.99999986]
2383,[0.99999997]
2384,[1.4292974e-06]
2385,[0.99078673]
2386,[4.35879395e-06]
2387,[0.99999986]
2388,[0.99999697]
2389,[0.00017134]
2390,[8.96863956e-16]
2391,[1.51817263e-05]
2392,[0.00373547]
2393,[0.99823298]
2394,[0.9999969]
2395,[1.05036647e-06]
2396,[0.91156647]
2397,[1.]
2398,[0.99999347]
2399,[0.99873799]
2400,[0.00037831]
2401,[2.64616946e-10]
2402,[1.]
2403,[8.38101375e-06]
2404,[0.99999956]
2405,[1.]
2406,[1.]
2407,[1.]
2408,[0.99999999]
2409,[0.00373388]
2410,[0.99999992]
2411,[1.70453081e-10]
2412,[9.66683961e-06]
2413,[1.]
2414,[4.23526421e-06]
2415,[0.99999772]
2416,[4.49572449e-06]
2417,[0.9412016]
2418,[0.00216612]
2419,[6.51487273e-16]
2420,[0.99999922]
2421,[0.00160481]
2422,[4.19714691e-05]
2423,[1.]
2424,[1.5500991e-07]
2425,[3.53687025e-05]
2426,[0.99999221]
2427,[8.21619334e-10]
2428,[3.30853446e-09]
2429,[0.99990434]
2430,[5.09619888e-06]
2431,[0.99999999]
2432,[0.99999997]
2433,[0.00076519]
2434,[0.9997823]
2435,[0.9999994]
2436,[0.00058004]
2437,[1.]
2438,[1.]
2439,[0.99999984]
2440,[1.]
2441,[0.99982304]
2442,[0.99883715]
2443,[9.30885877e-08]
2444,[1.]
2445,[1.04494146e-14]
2446,[1.01193952e-06]
2447,[0.99999999]
2448,[0.99949156]
2449,[0.99945595]
2450,[5.70224795e-12]
2451,[4.32348468e-09]
2452,[1.92933673e-06]
2453,[0.99999841]
2454,[2.12918792e-08]
2455,[1.44129892e-05]
2456,[0.9985017]
2457,[1.]
2458,[0.05677558]
2459,[0.26555061]
2460,[5.90943286e-11]
2461,[0.99998855]
2462,[0.99999569]
2463,[0.99999997]
2464,[0.99825341]
2465,[0.99998415]
2466,[2.43628883e-08]
2467,[0.08747885]
2468,[0.98924957]
2469,[6.19953974e-11]
2470,[0.98069124]
2471,[0.99999683]
2472,[0.97821396]
2473,[2.85300579e-17]
2474,[1.]
2475,[0.99059254]
2476,[0.00673302]
2477,[0.98649391]
2478,[0.99999926]
2479,[0.99998798]
2480,[0.00016376]
2481,[1.4776286e-10]
2482,[0.99999998]
2483,[0.99914331]
2484,[1.20527098e-12]
2485,[0.25528348]
2486,[0.99999999]
2487,[1.]
2488,[1.70451547e-07]
2489,[1.14388727e-09]
2490,[0.99999911]
2491,[0.99999999]
2492,[3.26808037e-07]
2493,[0.99999668]
2494,[1.]
2495,[0.99856577]
2496,[0.9999999]
2497,[0.88993022]
2498,[5.59834039e-05]
2499,[7.10102382e-05]
2500,[2.08322446e-06]
2501,[0.99999974]
2502,[0.99999999]
2503,[0.99995311]
2504,[0.99999891]
2505,[1.]
2506,[1.]
2507,[0.00345272]
2508,[8.62887007e-08]
2509,[0.00127573]
2510,[0.99999888]
2511,[0.99999822]
2512,[0.99858387]
2513,[1.51661461e-05]
2514,[1.]
2515,[3.81180465e-08]
2516,[1.49088156e-10]
2517,[0.99954572]
2518,[0.99988928]
2519,[1.46529843e-09]
2520,[1.]
2521,[0.99996373]
2522,[2.81088514e-16]
2523,[0.99999944]
2524,[9.66851759e-05]
2525,[1.27543916e-05]
2526,[1.]
2527,[2.44624289e-05]
2528,[0.99820157]
2529,[0.99999587]
2530,[1.]
2531,[2.18633577e-08]
2532,[0.99999954]
2533,[1.]
2534,[0.99996082]
2535,[0.99951516]
2536,[0.9999874]
2537,[4.79610012e-08]
2538,[0.99998498]
2539,[4.18939184e-06]
2540,[0.99999947]
2541,[0.99999742]
2542,[0.9999849]
2543,[3.42086996e-05]
2544,[3.70982408e-06]
2545,[0.99999999]
2546,[0.84466052]
2547,[0.00096613]
2548,[3.2977234e-08]
2549,[0.9990736]
2550,[0.00010793]
2551,[0.99881]
2552,[1.81408073e-05]
2553,[0.9999152]
2554,[3.01692758e-15]
2555,[0.99990191]
2556,[3.65756798e-10]
2557,[2.9060541e-07]
2558,[0.03726893]
2559,[0.99949782]
2560,[2.74824231e-08]
2561,[1.85600135e-08]
2562,[0.99999542]
2563,[8.99577542e-07]
2564,[0.99999999]
2565,[1.10007383e-08]
2566,[0.99958243]
2567,[5.15710912e-11]
2568,[1.47419117e-07]
2569,[0.99996034]
2570,[6.79974291e-09]
2571,[4.38965864e-10]
2572,[1.59135102e-05]
2573,[0.99999987]
2574,[0.99769889]
2575,[0.01180812]
2576,[0.99999208]
2577,[0.99999943]
2578,[0.99764391]
2579,[8.78014262e-06]
2580,[0.30099076]
2581,[6.34040032e-05]
2582,[0.99999152]
2583,[0.99999853]
2584,[2.53931783e-07]
2585,[0.9995575]
2586,[0.99983115]
2587,[0.00448608]
2588,[0.99994164]
2589,[0.99928624]
2590,[2.15249312e-13]
2591,[0.99998641]
2592,[0.99999269]
2593,[0.99974667]
2594,[0.99999989]
2595,[0.9999996]
2596,[0.99994684]
2597,[0.99822332]
2598,[0.99998753]
2599,[0.99999993]
2600,[0.99993167]
2601,[2.28026665e-08]
2602,[0.99984433]
2603,[0.21473815]
2604,[0.99999964]
2605,[0.98370793]
2606,[7.35722802e-08]
2607,[0.99967972]
2608,[0.01859478]
2609,[3.12967661e-12]
2610,[0.99999995]
2611,[0.99999999]
2612,[8.42322653e-05]
2613,[1.]
2614,[1.76822533e-07]
2615,[0.99972431]
2616,[0.99999999]
2617,[5.21493011e-05]
2618,[0.99981295]
2619,[0.05608646]
2620,[0.99745682]
2621,[1.]
2622,[1.04951016e-05]
2623,[0.99999923]
2624,[8.14799888e-09]
2625,[1.]
2626,[1.13214636e-06]
2627,[0.99999626]
2628,[0.99999864]
2629,[3.96798304e-07]
2630,[1.]
2631,[7.71219907e-09]
2632,[2.54914022e-05]
2633,[1.]
2634,[0.99999999]
2635,[1.]
2636,[0.99357352]
2637,[0.99999913]
2638,[0.9999992]
2639,[0.00233517]
2640,[0.96397408]
2641,[0.99817594]
2642,[5.47140298e-15]
2643,[0.00140794]
2644,[1.]
2645,[0.95772071]
2646,[0.02794856]
2647,[0.91118899]
2648,[7.93515944e-08]
2649,[1.95560193e-05]
2650,[9.31230549e-12]
2651,[4.99329005e-14]
2652,[6.74790366e-05]
2653,[0.99768523]
2654,[0.99999891]
2655,[4.79878713e-05]
2656,[1.]
2657,[0.02429861]
2658,[0.99992062]
2659,[4.77887609e-06]
2660,[1.]
2661,[1.58372308e-23]
2662,[6.71901669e-08]
2663,[1.8339434e-07]
2664,[1.00019168e-05]
2665,[0.99983362]
2666,[2.61225564e-05]
2667,[3.28943211e-14]
2668,[0.003298]
2669,[3.12265991e-18]
2670,[0.9999999]
2671,[0.99999996]
2672,[0.99999626]
2673,[1.]
2674,[1.]
2675,[0.99999997]
2676,[0.99844091]
2677,[0.99999844]
2678,[3.45235007e-13]
2679,[5.68671511e-07]
2680,[7.30087979e-11]
2681,[0.99999958]
2682,[0.00548459]
2683,[0.70148314]
2684,[0.97949942]
2685,[2.29207802e-13]
2686,[2.20498496e-14]
2687,[0.99999959]
2688,[5.70298692e-06]
2689,[0.99999722]
2690,[0.99995897]
2691,[0.99999955]
2692,[2.15077217e-07]
2693,[1.08425251e-08]
2694,[0.99998968]
2695,[0.99999989]
2696,[0.59676386]
2697,[1.]
2698,[1.1714375e-17]
2699,[0.99999994]
2700,[9.67331323e-07]
2701,[0.99999997]
2702,[0.3318833]
2703,[1.]
2704,[2.38152525e-08]
2705,[2.4055426e-09]
2706,[0.99999968]
2707,[0.01595977]
2708,[0.00784153]
2709,[1.12305262e-05]
2710,[1.42581062e-07]
2711,[4.68070123e-06]
2712,[0.99999999]
2713,[1.73410415e-08]
2714,[9.94462106e-17]
2715,[0.99999569]
2716,[0.99993307]
2717,[0.99999997]
2718,[0.99999994]
2719,[0.99998571]
2720,[0.9985784]
2721,[0.00119112]
2722,[1.]
2723,[0.91245718]
2724,[6.30751594e-16]
2725,[0.00261029]
2726,[4.11035035e-11]
2727,[6.72415721e-16]
2728,[0.00019847]
2729,[1.10403437e-11]
2730,[1.28026865e-17]
2731,[0.00094467]
2732,[1.]
2733,[0.99598744]
2734,[1.]
2735,[0.98221686]
2736,[1.]
2737,[5.14395606e-13]
2738,[1.93306702e-07]
2739,[0.8068781]
2740,[0.99999995]
2741,[0.99999999]
2742,[0.99999977]
2743,[1.]
2744,[0.00054129]
2745,[0.99999896]
2746,[7.77082732e-10]
2747,[0.99999961]
2748,[0.99999726]
2749,[3.15631516e-14]
2750,[0.9928713]
2751,[0.99985131]
2752,[3.98198899e-05]
2753,[1.26439302e-15]
2754,[0.99948482]
2755,[0.999995]
2756,[1.]
2757,[6.41847521e-06]
2758,[1.]
2759,[0.99996683]
2760,[0.07439914]
2761,[0.9999905]
2762,[6.83650865e-09]
2763,[1.83070686e-08]
2764,[0.99999999]
2765,[1.55582034e-07]
2766,[0.99999382]
2767,[9.98282707e-08]
2768,[8.53965393e-13]
2769,[3.84047143e-07]
2770,[7.23846768e-05]
2771,[0.926514]
2772,[7.21055265e-10]
2773,[0.00037128]
2774,[0.00030807]
2775,[6.24754986e-09]
2776,[1.59410511e-08]
2777,[0.9999999]
2778,[0.99999988]
2779,[0.99999989]
2780,[6.9356544e-06]
2781,[0.99999925]
2782,[0.99999992]
2783,[8.64252603e-16]
2784,[2.79767431e-10]
2785,[6.79073233e-10]
2786,[0.99999818]
2787,[0.99970794]
2788,[1.17806063e-09]
2789,[0.99997119]
2790,[0.01087625]
2791,[0.99999982]
2792,[3.61804371e-07]
2793,[0.99999993]
2794,[0.99999787]
2795,[0.99685781]
2796,[0.70647935]
2797,[6.63329192e-05]
2798,[0.99988639]
2799,[0.99999959]
2800,[9.72278953e-08]
2801,[1.41478781e-06]
2802,[3.46320518e-13]
2803,[0.99999763]
2804,[1.]
2805,[7.56559939e-08]
2806,[0.99999944]
2807,[9.63295038e-09]
2808,[1.45047623e-10]
2809,[0.99999993]
2810,[0.99999082]
2811,[1.]
2812,[0.18358207]
2813,[0.32612894]
2814,[0.98683088]
2815,[1.50862004e-08]
2816,[0.99999995]
2817,[0.99656746]
2818,[3.31185873e-05]
2819,[1.52471527e-20]
2820,[0.99980923]
2821,[2.4275327e-11]
2822,[4.02254994e-05]
2823,[0.99999969]
2824,[0.99998803]
2825,[0.99999323]
2826,[0.99999998]
2827,[5.93221278e-12]
2828,[0.99870116]
2829,[0.99845308]
2830,[0.00149353]
2831,[3.03418013e-13]
2832,[0.93538256]
2833,[4.50409963e-08]
2834,[0.99919844]
2835,[5.1387028e-05]
2836,[4.89230296e-17]
2837,[0.99841454]
2838,[1.]
2839,[0.99432485]
2840,[4.60274588e-09]
2841,[4.86445261e-16]
2842,[5.92538894e-09]
2843,[4.55728393e-13]
2844,[0.98290651]
2845,[6.55828826e-11]
2846,[0.99999953]
2847,[0.99999833]
2848,[0.99999854]
2849,[3.42186404e-05]
2850,[0.00036123]
2851,[1.40689397e-10]
2852,[0.99999819]
2853,[7.94582796e-10]
2854,[0.99981543]
2855,[0.00449157]
2856,[1.87219689e-05]
2857,[2.50876717e-11]
2858,[4.48982091e-18]
2859,[0.99996729]
2860,[4.6323373e-05]
2861,[0.99999805]
2862,[1.]
2863,[0.99999996]
2864,[0.00163089]
2865,[0.18989669]
2866,[0.99993377]
2867,[0.99999447]
2868,[1.04731066e-05]
2869,[0.00165424]
2870,[1.]
2871,[1.33497646e-07]
2872,[1.]
2873,[0.9999125]
2874,[7.57365086e-11]
2875,[5.9447223e-06]
2876,[0.99993117]
2877,[1.21896586e-06]
2878,[1.]
2879,[0.99999921]
2880,[0.99999977]
2881,[1.12035578e-08]
2882,[0.99999998]
2883,[1.]
2884,[6.30289544e-10]
2885,[3.1130865e-13]
2886,[0.99972615]
2887,[1.82934107e-06]
2888,[5.42422106e-06]
2889,[0.99999988]
2890,[0.99999991]
2891,[0.99957858]
2892,[0.99980542]
2893,[0.99999732]
2894,[2.52558226e-05]
2895,[0.9999556]
2896,[0.99999978]
2897,[0.99999932]
2898,[6.99983701e-08]
2899,[0.97140198]
2900,[0.00017648]
2901,[0.99999736]
2902,[0.99998033]
2903,[0.99999502]
2904,[0.00207306]
2905,[0.99999965]
2906,[0.99999994]
2907,[0.00048169]
2908,[7.28676024e-14]
2909,[0.79339153]
2910,[0.99960921]
2911,[7.56020934e-10]
2912,[0.99522522]
2913,[5.43621849e-14]
2914,[0.99918513]
2915,[0.99995539]
2916,[0.99999964]
2917,[0.99999994]
2918,[0.99999999]
2919,[0.99999874]
2920,[5.38627347e-06]
2921,[0.99990385]
2922,[1.]
2923,[0.99999961]
2924,[9.85799005e-07]
2925,[0.99894201]
2926,[0.99999993]
2927,[6.73219123e-09]
2928,[1.60344377e-19]
2929,[2.87987325e-14]
2930,[0.99196362]
2931,[0.99999994]
2932,[0.99986512]
2933,[4.49785232e-06]
2934,[0.99999969]
2935,[0.99879056]
2936,[1.]
2937,[2.55607228e-05]
2938,[8.31229144e-07]
2939,[0.99999924]
2940,[1.10677165e-06]
2941,[1.30087791e-05]
2942,[0.99997627]
2943,[3.35731238e-10]
2944,[2.74136465e-06]
2945,[0.9999351]
2946,[1.]
2947,[3.38821126e-05]
2948,[3.66818897e-16]
2949,[0.99999766]
2950,[0.00062725]
2951,[0.88118905]
2952,[1.47257844e-05]
2953,[0.99998502]
2954,[0.15807638]
2955,[0.99999974]
2956,[1.1864455e-15]
2957,[6.2052978e-06]
2958,[1.]
2959,[5.22918447e-05]
2960,[0.99061694]
2961,[0.00021164]
2962,[1.]
2963,[0.99999998]
2964,[1.53517081e-10]
2965,[0.9999484]
2966,[2.64549712e-11]
2967,[0.9979332]
2968,[0.99999984]
2969,[2.74628825e-16]
2970,[1.]
2971,[1.]
2972,[1.64439635e-07]
2973,[0.99979711]
2974,[5.47251853e-06]
2975,[1.]
2976,[0.99992777]
2977,[0.99970099]
2978,[2.36329866e-05]
2979,[0.99969109]
2980,[5.26592125e-11]
2981,[1.53172664e-15]
2982,[1.96882511e-07]
2983,[0.99975374]
2984,[1.]
2985,[6.8505375e-06]
2986,[1.01192283e-07]
2987,[2.197792e-05]
2988,[0.99999681]
2989,[1.01621084e-14]
2990,[8.86832669e-10]
2991,[0.99989934]
2992,[0.99993881]
2993,[5.50624416e-06]
2994,[0.9999931]
2995,[1.]
2996,[1.89396345e-07]
2997,[0.99994595]
2998,[0.98648182]
2999,[0.99926596]
3000,[0.80250767]
3001,[1.20139495e-08]
3002,[0.99999973]
3003,[0.99989146]
3004,[0.99994417]
3005,[1.]
3006,[0.99999996]
3007,[1.]
3008,[4.44455264e-16]
3009,[0.06654778]
3010,[2.3104306e-08]
3011,[6.31016919e-11]
3012,[0.99995074]
3013,[6.850262e-18]
3014,[0.99835749]
3015,[0.99999993]
3016,[0.00035153]
3017,[0.99999999]
3018,[0.99986967]
3019,[0.99995927]
3020,[5.7438626e-06]
3021,[0.99999703]
3022,[1.]
3023,[0.99996592]
3024,[0.0002712]
3025,[0.99976802]
3026,[0.99999945]
3027,[4.98301872e-05]
3028,[2.49525822e-05]
3029,[1.24631206e-05]
3030,[0.99999976]
3031,[0.99999157]
3032,[8.31783313e-07]
3033,[9.37038566e-06]
3034,[7.85262075e-09]
3035,[0.99999965]
3036,[2.70768752e-09]
3037,[0.005021]
3038,[0.99982208]
3039,[0.99999954]
3040,[0.99505156]
3041,[0.99999819]
3042,[9.14067703e-07]
3043,[0.96020623]
3044,[4.80828791e-07]
3045,[3.81319776e-07]
3046,[1.]
3047,[0.99978741]
3048,[3.91834364e-05]
3049,[0.99999987]
3050,[0.99999897]
3051,[0.98944649]
3052,[0.52386196]
3053,[0.99993738]
3054,[0.00303556]
3055,[5.19272042e-07]
3056,[0.99318888]
3057,[4.32775758e-06]
3058,[6.08734532e-07]
3059,[0.08361699]
3060,[0.99837121]
3061,[1.38137867e-08]
3062,[0.97181471]
3063,[1.3341953e-09]
3064,[3.43032119e-14]
3065,[0.99991984]
3066,[8.89487808e-11]
3067,[1.]
3068,[5.05465055e-14]
3069,[1.]
3070,[0.99811405]
3071,[0.99991683]
3072,[3.42844817e-07]
3073,[6.55937435e-08]
3074,[0.99999947]
3075,[0.99999125]
3076,[0.99999743]
3077,[0.36429508]
3078,[1.04605238e-14]
3079,[0.99999996]
3080,[0.98537105]
3081,[0.99999661]
3082,[2.18714438e-08]
3083,[6.81301423e-17]
3084,[0.00010261]
3085,[1.17444953e-05]
3086,[0.99999999]
3087,[2.46477676e-07]
3088,[4.33289283e-06]
3089,[9.69800207e-13]
3090,[1.29883145e-05]
3091,[1.]
3092,[0.99980154]
3093,[1.48414474e-15]
3094,[0.80972886]
3095,[5.82990938e-06]
3096,[0.98435453]
3097,[8.3177299e-10]
3098,[0.99960893]
3099,[0.99999977]
3100,[0.99999149]
3101,[0.00024217]
3102,[0.9999996]
3103,[2.38294106e-06]
3104,[0.99997799]
3105,[3.27615491e-06]
3106,[6.30148215e-06]
3107,[0.03863013]
3108,[0.00027552]
3109,[0.00059981]
3110,[0.00011]
3111,[0.99997985]
3112,[0.99999454]
3113,[0.99952382]
3114,[0.99994767]
3115,[4.35758492e-06]
3116,[4.28774066e-07]
3117,[0.999997]
3118,[0.99951452]
3119,[1.58347806e-05]
3120,[0.999997]
3121,[3.3392623e-05]
3122,[0.00057653]
3123,[6.60941298e-07]
3124,[0.99999999]
3125,[0.99934459]
3126,[2.58658359e-12]
3127,[1.]
3128,[0.99999989]
3129,[3.20137852e-11]
3130,[0.99470935]
3131,[0.99210215]
3132,[0.02074426]
3133,[0.00312698]
3134,[0.99947429]
3135,[0.04537572]
3136,[0.99993364]
3137,[0.99999999]
3138,[0.00144294]
3139,[0.00168986]
3140,[0.99999728]
3141,[5.77394062e-10]
3142,[0.99998695]
3143,[1.]
3144,[3.13363308e-05]
3145,[0.99999934]
3146,[0.99999963]
3147,[0.99999685]
3148,[0.99998153]
3149,[0.99992636]
3150,[1.0051024e-06]
3151,[0.99999901]
3152,[1.32037598e-10]
3153,[2.57121039e-16]
3154,[0.99464312]
3155,[0.00102186]
3156,[0.98697231]
3157,[0.99999998]
3158,[4.95572883e-06]
3159,[6.7875434e-10]
3160,[4.64247367e-07]
3161,[9.52736595e-11]
3162,[0.00193021]
3163,[0.99998121]
3164,[2.82421499e-08]
3165,[0.99999993]
3166,[0.00302436]
3167,[9.6549184e-09]
3168,[0.01070301]
3169,[0.05991815]
3170,[0.99998979]
3171,[0.99999296]
3172,[0.99999999]
3173,[0.9999887]
3174,[0.99999996]
3175,[6.65877029e-13]
3176,[0.99999985]
3177,[0.99999789]
3178,[6.68621695e-06]
3179,[0.9867136]
3180,[0.99988621]
3181,[0.00068508]
3182,[1.03851296e-09]
3183,[0.9999556]
3184,[2.56742207e-06]
3185,[0.99445967]
3186,[5.42887307e-06]
3187,[0.00027811]
3188,[5.77949056e-15]
